,MIN,CUSTCODE,ICCID,Cuenta de kbytes_total Resumidos
7972,9103427451.0,8.22429177.00.00.100296,89571016020105253789,73
